question0,0A,0B,0C,0D,0E
question1,1A,1B,1C,1D,1E
question2,2A,2B,2C,2D,2E
question3,3A,3B,3C,3D,3E
question4,4A,4B,4C,4D,4E
question5,5A,5B,5C,5D,5E
question6,6A,6B,6C,6D,6E
question7,7A,7B,7C,7D,7E
question8,8A,8B,8C,8D,8E
question9,9A,9B,9C,9D,9E
question10,10A,10B,10C,10D,10E
question11,11A,11B,11C,11D,11E
question12,12A,12B,12C,12D,12E
question13,13A,13B,13C,13D,13E
question14,14A,14B,14C,14D,14E
question15,15A,15B,15C,15D,15E
question16,16A,16B,16C,16D,16E
question17,17A,17B,17C,17D,17E
question18,18A,18B,18C,18D,18E
question19,19A,19B,19C,19D,19E
question20,20A,20B,20C,20D,20E
question21,21A,21B,21C,21D,21E
question22,22A,22B,22C,22D,22E
question23,23A,23B,23C,23D,23E
question24,24A,24B,24C,24D,24E
question25,25A,25B,25C,25D,25E
question26,26A,26B,26C,26D,26E
question27,27A,27B,27C,27D,27E
question28,28A,28B,28C,28D,28E
question29,29A,29B,29C,29D,29E
question30,30A,30B,30C,30D,30E
question31,31A,31B,31C,31D,31E
question32,32A,32B,32C,32D,32E
question33,33A,33B,33C,33D,33E
question34,34A,34B,34C,34D,34E
question35,35A,35B,35C,35D,35E
question36,36A,36B,36C,36D,36E
question37,37A,37B,37C,37D,37E
question38,38A,38B,38C,38D,38E
question39,39A,39B,39C,39D,39E
question40,40A,40B,40C,40D,40E
question41,41A,41B,41C,41D,41E
question42,42A,42B,42C,42D,42E
question43,43A,43B,43C,43D,43E
question44,44A,44B,44C,44D,44E
question45,45A,45B,45C,45D,45E
question46,46A,46B,46C,46D,46E
question47,47A,47B,47C,47D,47E
question48,48A,48B,48C,48D,48E
question49,49A,49B,49C,49D,49E
question50,50A,50B,50C,50D,50E
question51,51A,51B,51C,51D,51E
question52,52A,52B,52C,52D,52E
question53,53A,53B,53C,53D,53E
question54,54A,54B,54C,54D,54E
question55,55A,55B,55C,55D,55E
question56,56A,56B,56C,56D,56E
question57,57A,57B,57C,57D,57E
question58,58A,58B,58C,58D,58E
question59,59A,59B,59C,59D,59E
question60,60A,60B,60C,60D,60E
question61,61A,61B,61C,61D,61E
question62,62A,62B,62C,62D,62E
question63,63A,63B,63C,63D,63E
question64,64A,64B,64C,64D,64E
question65,65A,65B,65C,65D,65E
question66,66A,66B,66C,66D,66E
question67,67A,67B,67C,67D,67E
question68,68A,68B,68C,68D,68E
question69,69A,69B,69C,69D,69E
question70,70A,70B,70C,70D,70E
question71,71A,71B,71C,71D,71E
question72,72A,72B,72C,72D,72E
question73,73A,73B,73C,73D,73E
question74,74A,74B,74C,74D,74E
question75,75A,75B,75C,75D,75E
question76,76A,76B,76C,76D,76E
question77,77A,77B,77C,77D,77E
question78,78A,78B,78C,78D,78E
question79,79A,79B,79C,79D,79E
question80,80A,80B,80C,80D,80E
question81,81A,81B,81C,81D,81E
question82,82A,82B,82C,82D,82E
question83,83A,83B,83C,83D,83E
question84,84A,84B,84C,84D,84E
question85,85A,85B,85C,85D,85E
question86,86A,86B,86C,86D,86E
question87,87A,87B,87C,87D,87E
question88,88A,88B,88C,88D,88E
question89,89A,89B,89C,89D,89E
question90,90A,90B,90C,90D,90E
question91,91A,91B,91C,91D,91E
question92,92A,92B,92C,92D,92E
question93,93A,93B,93C,93D,93E
question94,94A,94B,94C,94D,94E
question95,95A,95B,95C,95D,95E
question96,96A,96B,96C,96D,96E
question97,97A,97B,97C,97D,97E
question98,98A,98B,98C,98D,98E
question99,99A,99B,99C,99D,99E
